,Unnamed: 0,date,implied_volatility,call/put,call-put spread,index,timestamp_x,tvlUSD,tvlETH,BTC,ETH,DAI,Date(UTC),UnixTimeStamp,Value (Wei),gas,timestamp_y,exchange eth,price,2 day,exchange shift,tvl change,volatility change
0,11,2020-06-27,54.14748191833496,0.9993573491090922,-0.0348091125488281,443,1593216000,7766556673,33602546.934625536,7861.263166410002,1408968.6780509127,95629887.25037804,6/27/2020,1593216000,36769845271,36.769845271,1593293962,2809163.5634588003,231.13,1.0358672608488726,,,
1,12,2020-06-28,55.65857887268066,1.1024622644907958,5.424976348876953,442,1593302400,7844481024,35178622.467375204,8272.052916190001,1472545.5216569123,98763397.5880066,6/28/2020,1593302400,35078209646,35.078209646,1593370249,2795886.914328906,222.9900000000001,1.104354455356742,,,
2,13,2020-07-01,71.19274139404297,1.034530687888368,2.416610717773437,439,1593561600,7735920593,34066939.37378897,8309.866530930001,1327053.0455209126,109734283.36341596,7/1/2020,1593561600,47358992980,47.35899298,1593603341,2815299.479492184,227.08000000000004,1.0583054430156769,,,
3,14,2020-07-08,50.10223388671875,1.056686501722518,2.7618408203125,432,1594166400,8841073724,36927047.54824159,12087.94138811,1555912.5252089128,171775937.8301123,7/8/2020,1594166400,52093643866,52.093643866,1594218005,2829503.627578105,239.41999999999993,0.9803274580235571,,,
4,15,2020-07-09,57.20686912536621,1.5682404444111446,25.314807891845703,431,1594252800,8974960718,36445060.98432551,11894.892584990002,1602816.7300149128,184042933.5033129,7/9/2020,1594252800,47477907527,47.477907527,1594295492,2920060.73504764,246.25999999999996,0.9668236822870142,,,
5,16,2020-07-15,61.63597106933594,1.37960235640648,19.664764404296875,425,1594771200,9213878986,38340042.38515314,12863.62656297,1699390.9306567167,138664029.2266577,7/15/2020,1594771200,51587477037,51.587477037,1594834537,2788886.632087745,240.31999999999994,0.9845206391478034,,,
6,17,2020-07-17,56.522369384765625,1.135322092520536,7.16400146484375,423,1594944000,9336243132,39777781.65395595,12682.330044960005,1620312.6925677164,196305509.248793,7/17/2020,1594944000,58219936374,58.219936374,1594988790,2813136.4523421195,234.70999999999998,1.008052490307188,,,
7,18,2020-07-20,59.0972900390625,1.5627791563275435,25.9552001953125,420,1595203200,9821604381,41251645.93641058,14999.222767960004,1648676.2795481833,295833715.0202892,7/20/2020,1595203200,70536742504,70.536742504,1595219228,2767172.946691102,238.0900000000001,1.0283506237137217,0.9850522706068431,3.0935278031410594,1.5637841235877545
8,19,2020-07-21,53.76625061035156,1.0274021864211738,1.453399658203125,419,1595289600,9943903639,42028333.21639898,15207.365520960006,1669215.3850191827,293572304.014945,7/21/2020,1595289600,75884344678,75.884344678,1595296944,2866655.327589301,236.60000000000005,1.1099323753169907,1.0253116150362545,2.9724808095362154,0.9319159662083394
9,19,2020-07-21,53.76625061035156,1.0274021864211738,1.453399658203125,419,1595289600,9943903639,42028333.21639898,15207.365520960006,1669215.3850191827,293572304.014945,7/21/2020,1595289600,75884344678,75.884344678,1595374695,2924576.169752123,236.60000000000005,1.27552831783601,1.0388152987118977,2.6753016014393394,0.9931094344994786
10,20,2020-07-22,54.28433418273926,1.3528955853174602,16.283512115478516,418,1595376000,10097379277,41240725.68616238,15636.231898960004,1733032.5207391828,280375843.5294156,7/22/2020,1595376000,72342074874,72.342074874,1595452142,2929589.2525319797,244.84000000000006,1.3664025486031692,1.0353721493686658,1.6322183832680304,1.2803187919142414
11,21,2020-07-23,54.22210693359375,1.4026369168356998,18.1732177734375,417,1595462400,10780043271,41049629.75895814,17446.159309960003,1723302.507040183,314592212.8608369,7/23/2020,1595462400,81533077820,81.53307782,1595528691,3044014.776276834,262.61000000000007,1.319332850995773,1.042449131191503,1.7093414393722108,0.894401698307413
12,22,2020-07-26,71.57135009765625,1.6918220946915352,36.7889404296875,414,1595721600,11768841310,38996790.18522814,15331.451724486798,1781873.5475681832,376187289.6145207,7/26/2020,1595721600,72868554221,72.868554221,1595759893,3136530.6970168347,301.79,1.2817853474270187,1.124653351243914,2.712940707929465,1.226311398233843
13,23,2020-07-31,96.00448608398438,1.709333620411239,50.27008056640625,409,1596153600,11953161204,35729072.49738455,12766.71921008,1823196.9915841836,455310007.0024826,7/31/2020,1596153600,78904447180,78.90444718,1596222365,3147821.7261466356,334.55,1.1106859961141837,1.1189722857296414,2.3193949509864917,1.505593550651636
14,24,2020-08-01,66.32423400878906,1.2097737671581088,12.592315673828123,408,1596240000,12358045419,35668442.92146506,16076.820231679998,1789075.439555183,474067855.0884299,8/1/2020,1596240000,63846952921,63.846952921,1596298395,3144105.902738633,346.47,1.2246659162409441,1.1362159009606738,1.602480822903897,0.7741169072161287
15,25,2020-08-02,75.82664489746094,1.086000629656837,6.252288818359375,407,1596326400,12390202780,32030097.92415273,15641.30801377,1801574.246931184,509925427.3197571,8/2/2020,1596326400,79704212228,79.704212228,1596374316,3140961.672864729,386.83,1.0379236357056074,1.0956886384754545,1.7369670787943203,1.0570355446096367
16,26,2020-08-03,68.1610107421875,1.2554910376167634,15.44189453125,406,1596412800,12451470270,33509527.611819785,15804.433921899998,1839303.463582183,507280567.0534039,8/3/2020,1596412800,69980285209,69.980285209,1596452020,3123140.7968539563,371.58000000000015,1.0805210183540555,1.067895180558304,1.7279578492785193,1.2220054173625117
17,27,2020-08-19,67.25692749023438,1.253738974817845,15.14434814453125,390,1597795200,14817115851,34920496.455421746,30702.24957830999,3611956.876846183,612832085.7382088,8/19/2020,1597795200,138374481225,138.374481225,1597833599,3096033.013127683,424.30999999999995,1.0102048030920787,1.0568147089056426,2.185752089137856,0.9267078615853802
19,29,2020-08-30,82.3516845703125,1.404276645506181,27.6947021484375,379,1598745600,16610883239,41372062.86176836,59376.57209429998,2976354.429827184,528666684.8902944,8/30/2020,1598745600,211899164124,211.899164124,1598751032,3000976.7874879465,401.5000000000001,0.9678953922789542,0.9858614389377152,1.6804824254316666,1.0011690328771472
20,29,2020-08-30,82.3516845703125,1.404276645506181,27.6947021484375,379,1598745600,16610883239,41372062.86176836,59376.57209429998,2976354.429827184,528666684.8902944,8/30/2020,1598745600,211899164124,211.899164124,1598827026,2964037.26479663,401.5000000000001,0.8794520547945206,0.9450050234214944,1.4053284081767339,0.8300380104459024
21,30,2020-08-31,79.02610301971436,1.5449900184275185,33.84566307067871,378,1598832000,16961981215,39571624.708380006,57840.74138777,2528873.279272183,465267653.216704,8/31/2020,1598832000,236124357466,236.124357466,1598903503,2964584.3550970303,428.6399999999999,0.865084919746174,0.9417891523120298,1.0218700359339283,0.9038551631926703
22,31,2020-09-05,52.84786224365234,1.154632761771453,7.585525512695312,373,1599264000,18254452992,46973708.839196086,74085.85547046,3891606.801238183,454943323.3671564,9/5/2020,1599264000,276608264542,276.608264542,1599284156,2915300.5740743103,388.6100000000002,0.9735982090013117,0.9272272195204924,0.9596586616957901,0.9544203991824123
23,32,2020-09-08,63.38763236999512,1.2500592417061611,14.089107513427734,370,1599523200,17731674598,50217146.97819313,79780.75364961001,3843435.6648151833,450072141.0976634,9/8/2020,1599523200,103774996937,103.774996937,1599588600,2922947.6451182007,353.10000000000014,1.0050127442650807,0.930590038831105,0.8826234523414701,1.1510667743361849
24,33,2020-09-11,93.11676025390624,1.071980307274425,6.4697265625,367,1599782400,19018020736,51287777.39543164,80211.68398968,2952208.784880184,400036088.25733626,9/11/2020,1599782400,147230410369,147.230410369,1599818116,2888831.59080654,370.8099999999999,0.955448882176856,0.9249764191600187,0.7885894202117593,0.8538335003245521
25,34,2020-09-15,65.90008735656738,0.9442275633585854,-3.780841827392578,363,1600128000,19632929211,51890919.01942647,124188.40936038,6400015.441974184,681935613.7234356,9/15/2020,1600128000,186693081226,186.693081226,1600199295,2990331.5942222034,378.3499999999999,0.90252411788027,0.9658590788737431,1.1127609496849138,0.7531293054806497
26,35,2020-09-26,66.44940376281738,1.145285066619457,9.000301361083984,352,1601078400,20319841503,57259958.58483387,118681.51093964,5477913.069890183,1037292576.196324,9/26/2020,1601078400,83509486824,83.509486824,1601116987,2777351.382572212,354.8700000000001,0.9616761067433137,0.9254824609613436,1.9620918167211094,0.8155694038524945
27,36,2020-10-02,70.16754150390625,1.29723991507431,18.157958984375,346,1601596800,20315953286,57342722.87109432,122923.13639766,6051354.479035184,934858044.838207,10/2/2020,1601596800,93806763969,93.806763969,1601662128,2648985.031492945,354.28999999999985,0.9910807530554069,0.8937084101318471,1.768331675812337,0.9237780313626957
28,37,2020-10-07,68.81332397460938,1.203909590714722,12.73345947265625,341,1602028800,19803368407,57994460.441620044,131266.55697964,5887386.003107184,944580362.6669524,10/7/2020,1602028800,85972225652,85.972225652,1602050904,2654086.1938368026,341.4700000000001,1.0282894544176644,0.8952641840916464,2.030187046394568,0.7792345428484088
29,38,2020-10-08,70.32632827758789,1.2468426745479195,15.452384948730469,340,1602115200,19502938989,57148120.22445573,131786.88027433003,5989469.830713183,928718877.2830374,10/8/2020,1602115200,87114899986,87.114899986,1602128886,2683993.7664974956,341.26999999999987,1.0695929908869812,0.9206576468876589,2.0413946739768423,1.079860814476628
30,39,2020-10-09,75.99997520446777,1.4900559305086865,29.914379119873047,339,1602201600,19772085305,56309871.856577344,132471.82956858003,6050248.678159183,944872386.29387,10/9/2020,1602201600,80387358281,80.387358281,1602207799,2669601.0574062467,351.12999999999994,1.063850995357845,0.9133249655924955,2.0993798549482703,1.1919882520727276
31,39,2020-10-09,75.99997520446777,1.4900559305086865,29.914379119873047,339,1602201600,19772085305,56309871.856577344,132471.82956858003,6050248.678159183,944872386.29387,10/9/2020,1602201600,80387358281,80.387358281,1602285767,2673165.8221333437,351.12999999999994,1.064306667046393,0.9253449839860743,2.3619678674741214,1.390003081583881
32,40,2020-10-10,67.94357299804688,1.0526679728016597,3.48663330078125,338,1602288000,19953628841,54664480.96268698,133253.29998292998,5980474.116992184,964077167.572859,10/10/2020,1602288000,64197264627,64.197264627,1602362758,2727689.1017652317,365.02,1.0344090734754259,0.9121694420229386,1.413736353068441,1.1148456300696787
33,41,2020-10-12,68.69268417358398,0.8198573765625099,-13.599395751953123,336,1602460800,20205728700,54091095.43568464,137332.65236250003,6199731.149335184,981705535.159343,10/12/2020,1602460800,76063541206,76.063541206,1602514868,2752904.8528682715,373.55,0.9823584526837099,0.9911978981639337,0.9464114153397158,0.7158544195311012
34,42,2020-10-16,62.54196166992188,0.7917053712911862,-14.5416259765625,332,1602806400,20259991488,54213137.15982983,146435.12817902997,6729016.696753183,1028851153.4838237,10/16/2020,1602806400,63068023041,63.068023041,1602819261,2763340.1425525057,373.70999999999987,1.0383184822455918,1.0431694062820398,1.10054265368373,0.610299885234286
35,43,2020-10-20,78.48739624023438,0.9975728155339806,-0.19073486328125,328,1603152000,20251603481,53635265.32390488,142918.31483746003,6765533.015202865,999560030.9973826,10/20/2020,1603152000,61935567910,61.93556791,1603200757,2715741.1090357373,377.5799999999999,1.0190952910641449,1.0232301857197053,1.0582053899312487,0.8286110711534028
36,44,2020-10-21,54.99458312988281,0.7004600141542817,-19.37484741210937,327,1603238400,20604396845,56148890.46490083,142856.33521016,6857883.319838865,1003835583.763253,10/21/2020,1603238400,74178258309,74.178258309,1603277436,2704015.6807673774,366.95999999999987,1.0382330499236976,1.0074597469337678,1.0808820713324672,0.5617870068557403
37,45,2020-10-29,38.55515026367188,1.2968437716434157e-07,-77.11028052734375,319,1603929600,19597165239,50504252.864469245,131885.37669279997,6612112.693732866,963964009.280482,10/29/2020,1603929600,68638448298,68.638448298,1603964631,2921656.4695912697,388.03,1.1736721387521583,1.0944168835585932,1.0202055042178726,8.703322775277902e-08
38,46,2020-10-30,77.49462127685547,0.4646539293439077,-56.65016174316406,318,1604016000,19430505672,50496389.3864186,133910.65919203003,6572094.370332867,903786705.5154994,10/30/2020,1604016000,63336696249,63.336696249,1604040890,2869462.724050643,384.78999999999974,1.1331635437511376,1.0734323700729658,0.9565172171667293,0.3118365692389014
39,47,2020-10-31,72.47734069824219,1.273755385351843,17.452239990234375,317,1604102400,19318144085,50705121.09241713,131316.89069568,6556229.691169865,894374092.1678468,10/31/2020,1604102400,40821601761,40.821601761,1604117288,2817893.8288455084,380.98999999999995,1.18682905063125,1.0330700177750831,0.9276996927740803,1.2100257804574055
40,48,2020-11-07,70.42670249938965,1.383723369916075,22.6740837097168,310,1604707200,20134256614,44210303.92604629,134444.99074875997,6269890.462287747,957243911.1673172,11/7/2020,1604707200,55699556300,55.6995563,1604728036,2959681.2202670025,455.41999999999996,0.9928637301831275,1.075112064691698,0.9750825241215988,1.6877610782960042
41,49,2020-11-08,69.3197250366211,1.7870782208588958,39.15214538574219,309,1604793600,19540165387,44813809.57044241,135098.33443226005,6275545.632095747,942573014.107331,11/8/2020,1604793600,29270287574,29.270287574,1604804929,2996088.388212446,436.0299999999999,1.0171089145242302,1.0842271431141843,0.9161412813852192,2.257251606041732
42,50,2020-11-09,76.03025436401367,1.0653756476683938,4.813194274902344,308,1604880000,19894370716,43997546.75453924,135638.86604492998,6239774.918194747,936824311.5764832,11/9/2020,1604880000,43036804081,43.036804081,1604881020,3009198.779246172,452.16999999999985,0.9898710661919192,1.1080580432479556,0.9372366666579292,1.0679678025289008
43,50,2020-11-09,76.03025436401367,1.0653756476683938,4.813194274902344,308,1604880000,19894370716,43997546.75453924,135638.86604492998,6239774.918194747,936824311.5764832,11/9/2020,1604880000,43036804081,43.036804081,1604957814,2944360.8937114794,452.16999999999985,1.0230886613441847,1.0888845485082002,0.9332447730777256,1.5209656884621776
44,51,2020-11-10,72.96943664550781,1.1534737760515614,10.400772094726562,307,1604966400,20145145301,45424125.23619473,136231.41030099997,6434393.182913749,1008762970.8651452,11/10/2020,1604966400,50067322104,50.067322104,1605034636,2927119.0241420553,443.49,1.040496967237142,1.0018696772216857,1.046473686935783,8894469.798700813
45,52,2020-11-11,81.48574829101562,1.3608532272325375,24.90997314453125,306,1605052800,20493268664,45785805.45588597,135788.76939733,6466693.9664057465,1043988413.779804,11/11/2020,1605052800,52469222811,52.469222811,1605110410,2961249.594122097,447.59,1.0588038159923145,1.0319874760184666,1.1551269867200986,2.92874576387219
46,53,2020-11-12,71.86603546142578,1.0297635080536551,2.1076202392578125,305,1605139200,21122851519,45660170.59510172,135880.67129462998,6459449.891433748,1115583900.3199475,11/12/2020,1605139200,58433082358,58.433082358,1605187933,2992702.7613013424,462.60999999999984,0.9624954064979144,1.0620353154069873,1.2473347675086572,0.8084468335882314
47,54,2020-11-13,71.92468643188477,1.0790764989662305,5.471229553222656,304,1605225600,21055977258,45630029.81471448,136085.74157935003,6447059.314059746,1108895710.522337,11/13/2020,1605225600,54834222262,54.834222262,1605263226,2927423.2054212955,461.4500000000001,0.9649149420305557,0.9891008482181075,1.1584254520565056,0.7798354226189576
48,55,2020-11-14,81.93612098693848,1.0584412472896727,4.652500152587891,303,1605312000,21537947832,45447337.7476736,137283.89071515002,6448902.335820748,1117798862.8638487,11/14/2020,1605312000,34540619732,34.540619732,1605340204,2990500.6235648687,473.9100000000001,0.9624190247093326,0.9981349800394537,1.1859016183722024,0.5922747168733166
49,56,2020-11-16,87.39686012268066,1.233978109307201,18.307209014892575,301,1605484800,21179668666,47566969.11018281,136123.36646092002,6326225.905402748,1098614176.4662774,11/16/2020,1605484800,47985935398,47.985935398,1605491691,2980385.040654008,445.26000000000005,1.072070251089251,0.9904247805791739,1.172700326934871,1.1582563502439716
50,56,2020-11-16,87.39686012268066,1.233978109307201,18.307209014892575,301,1605484800,21179668666,47566969.11018281,136123.36646092002,6326225.905402748,1098614176.4662774,11/16/2020,1605484800,47985935398,47.985935398,1605568672,2996986.2470684294,445.26000000000005,1.0709697704711856,1.0178732686843337,1.172700326934871,1.1582563502439716
51,57,2020-11-17,82.30757713317871,0.9425216212110128,-4.870891571044922,300,1605571200,21418797284,46960748.26573121,131922.96354706,6024626.345261748,1088456259.235671,11/17/2020,1605571200,74866465876,74.866465876,1605644727,3070907.0319703715,456.0999999999999,1.2281078710809032,1.0491227061975934,1.079001004866563,0.8171157773845057
52,58,2020-11-18,88.48404884338379,0.736576623789849,-26.844501495361328,299,1605657600,20966562647,43922829.46894313,115638.56191159,4548661.129703746,1086038360.6354592,11/18/2020,1605657600,80394403719,80.394403719,1605721908,3025760.208174432,477.34999999999997,1.259725568241333,1.0217849296392931,1.0402781738768647,0.5412608862219243
53,59,2020-11-19,87.52250671386719,0.8567021050608454,-13.509750366210938,298,1605744000,20962154665,43958718.83781402,115234.98081505,4546947.558178748,1090142562.4781072,11/19/2020,1605744000,46783318521,46.783318521,1605797900,2977169.4014971736,476.8600000000002,1.0884116931594174,0.9948095881739307,0.9771945993174124,0.8319406333208377
54,60,2020-11-23,79.13589477539062,1.1255122950819672,9.34600830078125,294,1606089600,21446367859,38287513.58410398,114759.79978932998,5039687.766053246,1015505367.4387867,11/23/2020,1606089600,76578870525,76.578870525,1606103657,3175252.7278481424,560.1399999999999,0.9338558217588466,1.0846579073254223,0.9157807698259024,1.043032904673786
55,61,2020-11-25,77.8881311416626,0.8507000603329359,-12.566804885864258,292,1606262400,20979474721,34888455.12613705,118735.49130421,4867292.365246248,1031436481.888815,11/25/2020,1606262400,61060602390,61.06060239,1606332845,3197554.140869635,601.3300000000003,0.9890908486188943,1.0692370754492422,0.922738889934304,0.803729127631132
56,62,2020-11-27,87.16583251953125,0.9855752519986096,-1.2664794921875,290,1606435200,20215636323,38949628.767677546,120648.00289394002,4774199.654908248,1012738117.3084456,11/27/2020,1606435200,45168615208,45.168615208,1606485886,3193342.474928152,519.02,1.0755654888058261,1.0714529939485313,0.9218323766455896,0.798697517050725
57,63,2020-11-28,102.49876976013184,1.8811513587776028,62.69502639770508,289,1606521600,19935081033,38110231.5720048,120594.77661163002,4713927.490960249,1018313527.3985968,11/28/2020,1606521600,34986023055,34.986023055,1606562987,3238512.4515074342,523.0900000000003,1.0671968494905266,1.080589693955139,0.9269073248936494,1.5244608835352416
58,64,2020-12-03,114.6240234375,1.472577658917918,43.81561279296875,284,1606953600,21334594905,35870327.866234004,120961.74991228996,4320432.977277248,980816044.6776992,12/3/2020,1606953600,47047850997,47.047850997,1607020192,3262827.2359655956,594.77,0.9181364224826408,1.0624962598988492,0.9011074504421902,1.5623807727889096
59,65,2020-12-09,91.62139892578124,1.3043269692027248,24.200439453125,278,1607472000,21405664321,38344913.15742334,122292.18982945998,4569060.157107247,1029056949.4145885,12/9/2020,1607472000,65315353811,65.315353811,1607479311,3284766.702130945,558.2399999999999,1.0219260533104049,1.0856004693487533,0.9475327821868742,1.7707960408676495
60,65,2020-12-09,91.62139892578124,1.3043269692027248,24.200439453125,278,1607472000,21405664321,38344913.15742334,122292.18982945998,4569060.157107247,1029056949.4145885,12/9/2020,1607472000,65315353811,65.315353811,1607555682,3254850.0374340094,558.2399999999999,1.0523251648036687,1.0932700154036228,0.9439654819781926,1.5224976820969616
61,66,2020-12-12,120.59974670410156,1.4014052411697684,40.31753540039063,275,1607731200,21247236291,38908651.28003221,121996.97620612998,4567326.827786246,1022089880.9029218,12/12/2020,1607731200,42794623984,42.794623984,1607786310,3215347.128741689,546.0800000000003,1.157834016993846,1.012627152648954,1.0064839770180063,1.2451265501881603
62,67,2020-12-13,131.61635398864746,1.4122096376697604,44.9824333190918,274,1607817600,21619965402,37897849.884307936,121672.78473269,4580228.374204247,1074076047.8924327,12/13/2020,1607817600,45496784769,45.496784769,1607862000,3192039.0992919845,570.4800000000002,1.1083122984153684,0.9982752312127697,1.0413399823957497,1.6600558804675154
63,68,2020-12-16,103.69205474853516,0.833170353385487,-18.873214721679688,271,1608076800,22286373291,37937481.13201124,125997.87794688,4671338.067652246,1054160857.4227076,12/16/2020,1608076800,83601467306,83.601467306,1608092310,3163436.4618540434,587.4499999999999,1.076636309473147,0.9906348870160626,1.0409017290909828,0.8453645236078455
64,69,2020-12-17,66.40148662841797,7.529952460970601e-08,-132.8029532568359,270,1608163200,22702830512,35906860.221108094,116136.72512009996,4644831.196588248,1062581454.8279272,12/17/2020,1608163200,138817534460,138.81753446,1608168760,3195912.2613022565,632.2699999999996,0.9951286633874781,0.9868457537702693,1.0434718053313288,4.0028424219216814e-08
65,69,2020-12-17,66.40148662841797,7.529952460970601e-08,-132.8029532568359,270,1608163200,22702830512,35906860.221108094,116136.72512009996,4644831.196588248,1062581454.8279272,12/17/2020,1608163200,138817534460,138.81753446,1608245304,3232271.1107532447,632.2699999999996,1.0240245464753988,0.9906350771884163,1.08336467433819,5.1134501568520154e-08
66,70,2020-12-21,82.32390880584717,1.8982117601635056,51.02753639221192,266,1608508800,23305825243,36848902.30840988,124155.60105702994,4761062.159075248,1010844553.0208457,12/21/2020,1608508800,80001622383,80.001622383,1608550001,3124008.005781735,632.4700000000001,0.9682672695938142,0.9510593259956879,0.9823018576337262,1.4553189537465405
67,71,2020-12-23,105.87239265441896,1.5420598733151865,45.15171051025391,264,1608681600,23612406309,37528260.63510225,124530.37067274997,4758733.660295249,1006172650.6679285,12/23/2020,1608681600,108363073898,108.363073898,1608702981,3140360.8694039877,629.1900000000004,0.9733148969309737,0.9648250559278362,0.977761873373793,1.1822648076178144
68,72,2020-12-24,119.42541599273682,1.674082714513744,60.20951271057129,263,1608768000,23098336425,35675310.32805115,124656.20913035996,4726415.086829249,996271137.1133704,12/24/2020,1608768000,89685037081,89.685037081,1608779216,3180372.5248855674,647.46,0.966885985234609,0.9891226040437479,0.9747392628848425,1.194574321069592
69,73,2020-12-25,95.48842906951904,1.3607034233979347,29.180288314819336,262,1608854400,23407366208,38222348.47811889,126186.14802368998,4760170.720408249,951045263.7569678,12/25/2020,1608854400,91695148943,91.695148943,1608855606,3144363.1745713362,612.3999999999997,1.0380306988896153,0.9850641163100968,0.885454308028861,0.9635279260968547
70,73,2020-12-25,95.48842906951904,1.3607034233979347,29.180288314819336,262,1608854400,23407366208,38222348.47811889,126186.14802368998,4760170.720408249,951045263.7569678,12/25/2020,1608854400,91695148943,91.695148943,1608932476,3124583.142398456,612.3999999999997,1.115431090790333,0.9877180022661761,0.9021822969998672,1.6331635155630309
71,74,2020-12-26,95.47805786132812,1.5851731350220777,43.22433471679688,261,1608940800,23676701984,37820999.30353663,125785.74632026,4773317.887755248,970963595.1354471,12/26/2020,1608940800,66456740443,66.456740443,1609008636,3127611.4063348356,626.02,1.1683652279479886,0.9786286827099596,0.9137780362378746,21051568.96060604
72,75,2020-12-27,102.96928882598876,1.180177792585413,17.01951026916504,260,1609027200,23830437535,37487513.62299233,125423.74827488,4778795.489626248,734744450.16247,12/27/2020,1609027200,98656135135,98.656135135,1609085219,3175976.4551618267,635.6900000000002,1.1831553115512272,0.9825835600843832,0.6914711778792086,15673110.802525435
73,76,2020-12-28,99.13444519042967,1.0631549698316929,6.069183349609375,259,1609113600,23933465914,35037060.87631207,124085.68532537,4714010.940170246,679928479.5437257,12/28/2020,1609113600,114189559877,114.189559877,1609160053,3276882.080299863,683.0899999999997,1.0794331640047437,1.0489352377571368,0.6726340637754856,0.5600823849811764
74,77,2020-12-30,98.42026233673096,1.200597054707803,17.943143844604492,257,1609286400,24548880621,33563316.044133335,124881.58907127,4709165.305658246,661504046.5153891,12/30/2020,1609286400,113634752762,113.634752762,1609313907,3253762.318524847,731.4199999999998,1.0081075168849638,1.036110961076388,0.6574458628708127,0.7785670812681923
75,78,2020-12-31,94.91050243377686,1.1345474823789314,11.965036392211914,256,1609372800,23769433971,31603246.783757918,122156.6204988,4634830.875888247,585030028.5359867,12/31/2020,1609372800,99481529136,99.481529136,1609390604,3188624.8030740465,752.1199999999999,0.9698053502100726,1.002594752068793,0.5872196902452402,0.677712918568945
76,79,2021-01-01,84.0919017791748,0.945132577428748,-4.744052886962891,255,1609459200,23840805093,32333091.6023598,119140.96438554996,4655998.9110562485,567901606.3787107,1/1/2021,1609459200,66560418720,66.56041872,1609466686,3163765.4765381296,737.35,1.046192445921204,1.0061705028616608,0.5971341512551116,0.6945911659930807
77,79,2021-01-01,84.0919017791748,0.945132577428748,-4.744052886962891,255,1609459200,23840805093,32333091.6023598,119140.96438554996,4655998.9110562485,567901606.3787107,1/1/2021,1609459200,66560418720,66.56041872,1609543184,3200935.4413890573,737.35,1.3222892791754253,1.0244359953027182,0.5971341512551116,0.6945911659930807
78,80,2021-01-02,112.25271224975586,1.6525481977261716,55.23014068603516,254,1609545600,24192129195,33166708.977118503,118375.25946077004,4740517.713125247,544710206.1199918,1/2/2021,1609545600,102605721507,102.605721507,1609618515,3231248.9749409845,729.4099999999997,1.4201615003907277,1.0331363315775852,0.5609996181617973,1.0425032832159091
79,81,2021-01-03,126.66130065917967,1.382613063523671,40.679931640625,253,1609632000,24764514251,32102920.951245133,118779.82046374996,4686196.226677247,529889600.4764285,1/3/2021,1609632000,170448206739,170.448206739,1609695272,3169310.5740673128,771.4099999999997,1.426595455075771,0.9979011553805193,0.7211889798681119,1.1715294697206455
80,82,2021-01-04,102.00929641723631,1.13856288861787,13.218879699707031,252,1609718400,26324961959,27000237.909106765,118750.84215435,4540058.763950246,532351213.5644243,1/4/2021,1609718400,259308818014,259.308818014,1609772284,3404110.420227248,974.9899999999998,1.240330670058155,1.0388260354842378,0.7829517803426399,1.0709284355770965
81,83,2021-01-05,108.97272825241087,1.070388912984641,7.40969181060791,251,1609804800,26907055745,25975070.225315668,120580.42580375,4307582.057215247,738200486.7192641,1/5/2021,1609804800,138143515214,138.143515214,1609848691,3428317.8435650114,1035.8800000000003,1.188622234235625,1.053647288262685,1.1159425110214964,0.8915471754552556
82,84,2021-01-06,114.90845680236816,1.179004810474537,18.879413604736328,250,1609891200,28347945091,25759384.538705483,119963.72379479004,4320544.742163247,759440293.6711894,1/6/2021,1609891200,125109768991,125.109768991,1609924929,3413955.8109616945,1100.49,1.1057801524775335,1.0706671439268785,1.2981219025144013,1.0391850749184925
83,85,2021-01-07,135.76513528823853,1.1982672593667785,24.489998817443848,249,1609977600,29203406075,24148817.156064197,120261.94445075998,4266941.883649248,776915813.3823296,1/7/2021,1609977600,133169446656,133.169446656,1610001248,3360541.526815199,1209.3100000000002,1.0062763063234412,1.0621967878897227,1.368046514846862,1.26782981349208
84,86,2021-01-08,145.58041095733645,0.9909599417001832,-1.322031021118164,248,1610064000,29369597354,23853092.623064,119115.82469415,4222590.316677248,786091874.2190713,1/8/2021,1610064000,139786171813,139.786171813,1610077955,3372631.039619018,1231.2699999999995,1.0390897203700247,1.0536391943460917,1.3842043505241615,1.0484877628449856
85,87,2021-01-09,139.8637294769287,0.974882678103728,-3.557682037353516,247,1610150400,29563594952,24294186.00706712,118258.53874481,4291130.796587247,825441024.8704118,1/9/2021,1610150400,92563339823,92.563339823,1610153725,3423543.17271785,1216.9000000000008,1.0327389267811646,1.0595107957536383,1.5153764618256098,0.5899269258501026
86,87,2021-01-09,139.8637294769287,0.974882678103728,-3.557682037353516,247,1610150400,29563594952,24294186.00706712,118258.53874481,4291130.796587247,825441024.8704118,1/9/2021,1610150400,92563339823,92.563339823,1610230225,3455014.36544285,1216.9000000000008,0.8938450160243235,1.090146984556607,1.5577603790077221,0.7051015962623569
87,88,2021-01-10,133.3456039428711,1.08675471979703,11.087417602539062,246,1610236800,30597186782,23915262.45271221,116407.27466222,4322816.954903248,792227762.0918752,1/10/2021,1610236800,87310659101,87.310659101,1610306236,3545028.871210434,1279.3999999999999,0.8204705330623735,1.0413965569817734,1.488167476481203,0.9544968755448096
88,89,2021-01-11,139.37199115753174,1.4100501124489548,47.42598533630371,245,1610323200,30359973910,24157720.697996404,119494.97393023,4311272.468150248,782565897.3774822,1/11/2021,1610323200,238075118250,238.07511825,1610382859,3516385.695466914,1256.74,0.8992790871620227,1.0256883567745059,1.0600994058611208,1.3173250351754977
89,90,2021-01-12,139.06514644622803,1.5819197910672391,62.68572807312012,244,1610409600,28554218259,26251441.785569813,120048.02307057998,4400973.083084246,720058771.2330382,1/12/2021,1610409600,87031984990,87.03198499,1610459844,3517835.4774301467,1087.72,1.1267605633802809,1.0304279469977058,0.9481440176846845,1.341741591733229
90,91,2021-01-13,139.69027996063232,1.2791372083750694,34.217119216918945,243,1610496000,28633164742,27277214.413504668,120069.28121609996,4443436.500731247,724756482.2705792,1/13/2021,1610496000,67945681638,67.945681638,1610536273,3468418.5073940973,1049.7100000000005,1.1168894266035374,1.0321010705322644,0.9328635996161889,1.0674890750591204
91,92,2021-01-14,110.98635196685792,0.6272608102911875,-50.84490776062012,242,1610582400,30251770966,26767688.61577121,120985.30507586,4476688.563746247,738255624.2861345,1/14/2021,1610582400,85478387564,85.478387564,1610610990,3434659.103043803,1130.1600000000003,1.0373840872088904,1.018391594780493,0.9391467441633857,0.6329830136372621
92,93,2021-01-15,135.14447212219238,1.2403207702279695,28.994083404541016,241,1610668800,30900622417,25212648.83893605,116253.06354329,4559869.283447249,664711797.0656812,1/15/2021,1610668800,94274611075,94.274611075,1610688749,3428718.0762986313,1225.5999999999992,1.0033371409921674,1.0015115636986909,0.8052807857109309,1.27227696017797
93,94,2021-01-16,119.60411071777344,1.1706937136527278,18.810272216796875,240,1610755200,29982048129,25573006.140343398,121423.10902493994,4743336.220709247,633575509.3171186,1/16/2021,1610755200,81160820583,81.160820583,1610763608,3509831.555994157,1172.4099999999999,1.0513728132649844,1.0158659805005705,0.7675599954782782,1.2008560003649644
94,94,2021-01-16,119.60411071777344,1.1706937136527278,18.810272216796875,240,1610755200,29982048129,25573006.140343398,121423.10902493994,4743336.220709247,633575509.3171186,1/16/2021,1610755200,81160820583,81.160820583,1610840612,3530314.270096404,1172.4099999999999,1.0732678841019778,0.9958492295412518,0.7997390897336951,1.0772382142231458
95,95,2021-01-17,139.8153305053711,1.2994651567671,36.41700744628906,239,1610841600,31060272029,25258619.67569063,123450.44048331,4824669.562936249,863876005.4649017,1/17/2021,1610841600,63895643119,63.895643119,1610917460,3519555.7275840756,1229.6899999999996,1.1158503362636119,1.0009015029611934,1.1039019312749305,0.9215737407447226
96,96,2021-01-18,116.47510528564452,1.061525217743569,6.9522857666015625,238,1610928000,31624557683,25655956.064219877,123841.86325890996,4875531.137790248,869875837.5828072,1/18/2021,1610928000,75294263372,75.294263372,1610993896,3474976.714058802,1232.6400000000003,1.1175606827622013,0.9878167231963179,1.208062275379578,0.6710360561501119
97,97,2021-01-19,144.80972290039062,1.3931284475965326,47.576904296875,237,1611014400,32129331469,25533717.02442165,125776.31152624,4913876.124000247,884318264.8728762,1/19/2021,1611014400,100880101955,100.880101955,1611070184,3596065.366703931,1258.3099999999997,0.8870389649609397,1.0368026116334321,1.220159165879287,1.0891157246268133
98,98,2021-01-20,148.08547496795654,1.354712624940527,44.61503028869629,236,1611100800,32377586285,23596244.05859417,123890.83580109,4772321.723631248,896532612.418207,1/20/2021,1611100800,83504044289,83.504044289,1611146481,3612443.648940409,1372.1500000000003,0.8990780891301969,1.051761918887104,1.2143932032825628,2.1597278240794946
99,99,2021-01-21,112.02692985534668,0.8950622512069112,-12.40682601928711,235,1611187200,32737829580,23765256.85456063,125738.78906598002,4808775.505017248,907431963.606819,1/21/2021,1611187200,121058979442,121.058979442,1611222987,3587262.3932519904,1377.5500000000002,0.8955537004101484,1.0462401146508116,1.3651509836482627,0.7216377187994681
100,100,2021-01-22,109.94195938110352,2.380916769311983,89.81037139892578,234,1611273600,29762688300,26665013.662793305,124820.64690547006,4879080.282124246,899911103.7792144,1/22/2021,1611273600,131621951860,131.62195186,1611299085,3602637.8492144467,1116.1699999999998,1.118386984061568,1.026441808314645,1.4203691439228103,2.033765742094224
101,101,2021-01-24,144.5620059967041,1.5455701888804456,61.9654655456543,232,1611446400,32264407530,26153191.31534365,125353.77679333006,4914913.804490247,974831585.2962488,1/24/2021,1611446400,81094537437,81.094537437,1611451522,3591424.321213819,1233.67,1.0782705261536714,1.017310088123046,1.5386194241424251,1.3202173812465867
102,101,2021-01-24,144.5620059967041,1.5455701888804456,61.9654655456543,232,1611446400,32264407530,26153191.31534365,125353.77679333006,4914913.804490247,974831585.2962488,1/24/2021,1611446400,81094537437,81.094537437,1611528331,3682852.7440445796,1233.67,1.1185892499614967,1.0463970538044571,1.1284392425874075,1.1893894813814192
103,102,2021-01-28,158.41150283813477,1.642294140572183,77.01396942138672,228,1611792000,33455657020,26800760.24384968,134326.93555434002,4960243.979296248,1064027415.05041,1/28/2021,1611792000,94810705889,94.810705889,1611835376,3648253.4338807967,1248.3100000000002,1.4208089336783327,1.0498641384044287,1.2231945860309297,1.5471079849267504
104,103,2021-01-29,146.46399021148682,1.2636815370414385,34.12127494812012,227,1611878400,35336356581,26564095.36771837,135286.97821437998,5005772.674774249,1099366262.111736,1/29/2021,1611878400,140718048076,140.718048076,1611911763,3656432.5897626635,1330.2299999999998,1.3106455274651752,1.0167870205079348,1.2431794137710972,0.9070818553892717
105,104,2021-01-30,113.85130882263184,1.2821674825053675,28.153181076049805,226,1611964800,35873771777,25996051.92649116,136842.6723057601,5000104.799924246,1070756748.8242989,1/30/2021,1611964800,113279829168,113.279829168,1611988162,3637249.48703249,1379.9699999999998,1.2956730943426304,1.0068667750981684,1.1943310639154097,0.9464497923031135
106,105,2021-02-10,137.24887371063232,1.5018894657125534,55.06539344787598,215,1612915200,47958894523,27040270.70381877,152865.95024343,5893303.597506065,1400133127.414047,2/10/2021,1612915200,213088755493,213.088755493,1612983972,3640400.6963707507,1773.61,1.0407586786272063,1.0148130516515097,1.5429620991626325,1.6779720781290801
107,106,2021-02-11,78.35531234741211,0.560551957302133,-44.129371643066406,214,1613001600,47591969834,27297425.7132369,155375.44188091005,5798062.823719065,1275403474.842652,2/11/2021,1613001600,175206973615,175.206973615,1613060762,3639178.6592452643,1743.4599999999998,1.042209170270611,1.0101427930200604,1.4172549593915909,0.23543534344718675
108,107,2021-02-12,99.83140230178832,1.452345323993815,36.82863712310791,213,1613088000,49304053588,27575128.26581805,152878.16216554,5832348.511683671,1334044618.588915,2/12/2021,1613088000,180073474689,180.073474689,1613136798,3572108.337089724,1787.9899999999996,0.9972427138854243,0.9946216368781602,1.3684872738130478,0.9396825420434907
109,108,2021-02-13,106.48387670516968,1.5754475850804492,47.5846529006958,212,1613174400,50405070122,27306500.95996534,154947.44153710004,5812531.276503672,1380716223.685253,2/13/2021,1613174400,188806380037,188.806380037,1613213428,3553142.3582810597,1845.8999999999992,1.0030066634162196,0.9647799152509504,1.4163638565995549,1.0193309863343352
110,109,2021-02-14,110.80199480056764,1.3478693038294434,32.83369541168213,211,1613260800,49442879441,27210522.242646057,154734.84475692,5826291.586018673,1361741099.702742,2/14/2021,1613260800,150406446159,150.406446159,1613289726,3638458.9605280072,1817.0499999999993,1.0774442090201155,0.9973152979829116,1.2797988852930329,0.8207234444372062
111,110,2021-02-17,97.833514213562,1.3521351402862904,29.29306030273437,208,1613520000,48742026981,27336167.5888641,153624.67686801995,5833172.175416673,1533760995.6099975,2/17/2021,1613520000,173353196892,173.353196892,1613595160,3666329.735487676,1783.0599999999993,0.8277119109844877,1.0027067764773574,1.3951319487136589,1.0699967520708908
112,111,2021-02-18,105.98921775817873,1.1513308168795973,14.911174774169922,207,1613606400,49795491456,26895401.6884064,153405.05980445998,5853819.450470673,1565743532.8194351,2/18/2021,1613606400,183087330179,183.087330179,1613672549,3728399.445694145,1851.449999999999,0.7891382429987313,1.0250601337594858,1.4622775289893213,0.897956649649144
113,112,2021-02-20,113.44170570373537,0.9886027383519737,-1.300334930419922,205,1613779200,50612456760,25852095.37381817,155270.11287968003,5763669.014525671,1761319419.3888268,2/20/2021,1613779200,201536365984,201.536365984,1613825852,3799442.867019096,1957.77,0.8022699295627173,1.043688094776737,1.2579656783365072,0.658239345119145
114,113,2021-02-26,109.41505432128906,1.6277230160525178,52.27518081665039,199,1614297600,44550329959,30186013.550743293,139968.10396354002,5897803.8664916735,1442635767.5564537,2/26/2021,1614297600,158443481334,158.443481334,1614361002,3351412.689856691,1475.8600000000001,1.0097502473134308,0.9209255724069745,1.1311210891396022,2.9037861608521474
115,114,2021-02-28,102.98627614974976,1.328109820428831,29.02853488922119,197,1614470400,44498232084,30456337.6229424,138845.38874978997,5905635.181366159,1439417881.4048522,2/28/2021,1614470400,117851797297,117.851797297,1614515045,3272820.0084592346,1461.0500000000002,1.0755210293966668,0.9162152151089779,1.0789878099635044,0.9144587024087716
116,115,2021-03-02,100.96675157546996,1.378168662114201,32.11081027984619,195,1614643200,46685627447,29723573.177517712,138161.09148223998,5814160.150027156,1610150288.897424,3/2/2021,1614643200,124935317747,124.935317747,1614667796,3407517.693928232,1570.660000000001,1.000464772770682,0.9590152463175503,1.166170326151301,0.8747791263673338
117,116,2021-03-03,97.09829092025755,1.310359352263928,26.08716487884521,194,1614729600,46813941925,31413482.25130011,139492.11443920998,5960615.766712157,1648254828.9286935,3/3/2021,1614729600,130985895074,130.985895074,1614744564,3495752.2169131106,1490.2500000000002,1.0332226136554266,0.9607782456355678,1.2104024981609904,0.9721709282502796
118,117,2021-03-04,109.24333333969116,1.3841225778924804,35.20190715789795,193,1614816000,48122589849,30624217.9528952,139625.81178351003,5926531.849756156,1675945620.429327,3/4/2021,1614816000,112789006531,112.789006531,1614821238,3507912.5358101223,1571.3900000000003,0.9730175195209341,0.9567913387210706,1.09270324726362,1.0236569826884443
119,117,2021-03-04,109.24333333969116,1.3841225778924804,35.20190715789795,193,1614816000,48122589849,30624217.9528952,139625.81178351003,5926531.849756156,1675945620.429327,3/4/2021,1614816000,112789006531,112.789006531,1614897708,3512920.360887888,1571.3900000000003,1.165159508460662,0.9422060087861268,1.0703832302672527,1.2021936333154086
120,118,2021-03-05,107.4744462966919,0.9708965387583428,-3.1740665435791016,192,1614902400,47393639116,30779887.2006027,140478.49253859997,5962565.778188156,1706438171.9040918,3/5/2021,1614902400,137793802658,137.793802658,1614973713,3463717.720314251,1539.7599999999995,1.2149036213435866,0.9116383221289908,0.968840832116767,0.9820896717086304
121,119,2021-03-06,108.40696096420288,1.43531919622832,38.75601291656494,191,1614988800,47550921199,31099563.240439747,139711.14832935997,6016173.140215156,1693841076.5133505,3/6/2021,1614988800,99200636716,99.200636716,1615049574,3595465.4478983204,1528.990000000001,1.1750698173303933,1.0728208611193346,1.174129405776754,0.8817957245018215
122,120,2021-03-09,89.29497003555298,1.0726460488706513,6.259560585021973,188,1615248000,47675823206,26039271.62628624,121341.05753634,5796260.025864153,1754117388.800324,3/9/2021,1615248000,140390240389,140.390240389,1615280222,3542446.428274739,1830.92,1.0495543224171453,1.0823835160866173,1.2186297054253137,0.8076486088509657
123,121,2021-03-10,89.47759866714478,1.1189470653165043,10.045647621154783,187,1615334400,49256741406,26331210.05741289,122343.01658639996,5750462.398821156,1732664263.3695896,3/10/2021,1615334400,134143820746,134.143820746,1615357135,3535033.2052611583,1870.6600000000003,0.9884853474174892,1.03742181927922,1.0760885336710146,0.8119086553600531
124,122,2021-03-11,101.44412517547607,1.177080375256793,16.50261878967285,186,1615420800,48238501986,26848838.12052298,121097.90630963996,5759929.683127156,1537241502.4232445,3/11/2021,1615420800,132247327143,132.247327143,1615433883,3516583.29764021,1796.6699999999992,0.9972504689230636,1.0059589694676627,0.932647959188687,0.8982882239311935
125,123,2021-03-14,98.87957572937012,1.0514582220375537,4.960536956787109,183,1615680000,52460209014,27299564.96448365,128677.69612329996,5921845.520310156,1540085022.5136185,3/14/2021,1615680000,149068956179,149.068956179,1615741648,3417691.637511701,1921.6499999999999,0.9392345120079101,0.9742807446373273,0.918934960502534,0.7596568677020972
126,124,2021-03-15,102.11187601089478,1.6380388787257238,49.39377307891846,182,1615766400,51477357647,27838840.987604905,129838.5408993,5990124.487890155,1537057027.979405,3/15/2021,1615766400,189463051239,189.463051239,1615818094,3378401.0456156028,1849.1200000000006,0.9861826165960019,0.9617072687528033,0.9171282225646779,1.1834492875767306
127,125,2021-03-16,94.30968761444092,1.2814960289308397,23.272275924682617,181,1615852800,50033709646,27924804.320963543,129836.4877854,6009397.243492156,1543391084.098454,3/16/2021,1615852800,188700812770,188.70081277,1615895356,3403538.3298233724,1791.7299999999998,0.9962438537056361,0.9826257809237935,0.9044518046477446,1.319909977812585
128,126,2021-03-17,97.25689888000488,1.2318424292162495,20.205974578857425,180,1615939200,50495951553,27977456.42535791,131241.49296173,6116402.862205156,1586963248.0094967,3/17/2021,1615939200,193802222899,193.802222899,1615970996,3501655.906223066,1804.8800000000003,0.8800640485794068,0.9739089297242199,0.9369020919460437,0.8582358770461933
129,127,2021-03-18,95.07626295089722,1.1287415440337478,11.500000953674316,179,1616025600,51573364017,28281537.87186673,131812.85282573,6140484.958496156,1603570303.2367542,3/18/2021,1616025600,177580645455,177.580645455,1616048303,3535694.4073408493,1823.5699999999997,0.9394758632791727,0.998093966677944,0.9141750224216567,1.0522963704776216
130,128,2021-03-22,88.10234069824219,1.7195322317425217,46.62013053894043,175,1616371200,51587553537,28900590.216806736,130366.84907110003,6275243.8588011535,1560840351.989951,3/22/2021,1616371200,187501594542,187.501594542,1616431230,3515797.72748277,1784.999999999999,0.9597759103641464,0.9945586146829511,0.9008325415302991,1.5367413571580675
131,129,2021-03-26,95.09825706481934,1.466677488926509,35.98380088806152,171,1616716800,47983680341,30208623.932737768,128511.84581305002,6416591.017369156,1573692999.5715044,3/26/2021,1616716800,145286643587,145.286643587,1616737462,3460649.245106692,1588.41,1.0618417159297655,0.9840942051419478,1.023712277537914,1.2460300245907483
132,130,2021-03-28,102.08660364151,1.716203057599594,53.83598804473877,169,1616889600,49786271898,29060396.858510382,129108.89052742004,6425012.425325156,1604677833.6243165,3/28/2021,1616889600,124092555106,124.092555106,1616890347,3483312.3273596806,1713.2000000000005,1.060646742937194,1.0192002956404094,1.0419410682958752,1.6322123139366143
133,130,2021-03-28,102.08660364151,1.716203057599594,53.83598804473877,169,1616889600,49786271898,29060396.858510382,129108.89052742004,6425012.425325156,1604677833.6243165,3/28/2021,1616889600,124092555106,124.092555106,1616967098,3526718.3188856994,1713.2000000000005,1.0744279710483309,1.043901618329943,1.0439936869055568,1.0477181463083929
134,131,2021-03-29,102.43290662765504,1.4407113052715896,36.99195384979248,168,1616976000,49623964221,29421787.82727792,127592.91523230002,6449478.846320156,1677274168.1868377,3/29/2021,1616976000,150489681921,150.489681921,1617043592,3490228.3792621377,1686.639999999999,1.1669058008822286,1.025470566521654,1.0867460525512813,1.1242417243177758
135,132,2021-03-30,102.89806127548218,1.487099474297635,40.305256843566895,167,1617062400,51893416887,28558371.51890373,124765.95297539006,6906530.520906157,1736595515.4759364,3/30/2021,1617062400,167319411691,167.319411691,1617121171,3458043.994889816,1817.1000000000013,1.2359694017940657,0.9875453464014713,1.0942884264359123,1.2072156625127701
136,133,2021-03-31,98.71137142181396,1.5031166114483323,39.68119621276856,166,1617148800,53534072278,29083382.106904384,135467.65983569995,6943251.0271561565,1771434435.2116773,3/31/2021,1617148800,210893109900,210.8931099,1617197039,3414424.752283149,1840.7100000000012,1.176067930309499,0.9657013188679658,1.104681492065608,1.3316747482126796
137,134,2021-04-02,81.36069774627686,1.1369956947162427,10.431528091430664,164,1617321600,55090005393,27990755.47747884,134800.41547200005,6850908.379462157,1769905423.4416296,4/2/2021,1617321600,186231148818,186.231148818,1617350338,3337247.5781602147,1968.1500000000008,1.099916164926453,0.9492148971122997,1.1339439175730797,0.6612238338586104
138,135,2021-04-19,103.46347093582152,1.698189578925934,53.54487895965576,147,1618790400,65540552464,29182570.958377138,136552.75458557002,8008987.293939156,2110865720.9470024,4/19/2021,1618790400,195797651762,195.797651762,1618805930,3363939.32795808,2245.8799999999983,1.039107165120132,0.9720544006921943,1.341345307834351,1.1578479875414691
139,136,2021-04-20,100.88753700256348,1.5724055757855766,44.89850997924805,146,1618876800,63911971283,29523268.33102366,136787.89875314,8023973.801556155,2072106093.7725391,4/20/2021,1618876800,265510040331,265.510040331,1618883019,3404720.993342253,2164.7999999999993,1.090160753880266,0.9774377584805899,1.2912910307313785,0.9162118484888712
140,136,2021-04-20,100.88753700256348,1.5724055757855766,44.89850997924805,146,1618876800,63911971283,29523268.33102366,136787.89875314,8023973.801556155,2072106093.7725391,4/20/2021,1618876800,265510040331,265.510040331,1618958578,3397287.898171788,2164.7999999999993,1.1107954545454544,0.9633000401475766,1.2912910307313785,0.9162118484888712
141,137,2021-04-21,99.67827796936037,1.6487477904980328,48.8276481628418,145,1618963200,65606891485,28112701.01469334,136508.7735241,7969154.235455159,2052138157.1075668,4/21/2021,1618963200,166325327588,166.325327588,1619035388,3458667.356469413,2333.7100000000005,1.0863560596646544,0.9909573187301293,1.223495953154733,1.1443984540589316
142,138,2021-04-22,75.42622089385986,1.091421884993794,6.594181060791016,144,1619049600,65544593825,27773368.34422327,136911.04216522,7958204.2936641555,2072982078.1513488,4/22/2021,1619049600,140016002618,140.016002618,1619112363,3521528.259989,2359.979999999999,1.1691582132051974,1.018358431874493,1.1937046132375975,0.7339266161124013
143,139,2021-04-23,97.2304344177246,1.473278831691815,37.21141815185547,143,1619136000,65793542765,27360964.283783518,136264.38888236004,7933283.443124156,2100230423.2528763,4/23/2021,1619136000,124223128337,124.223128337,1619189885,3625670.773574318,2404.6499999999987,1.1546628407460555,1.061868700181462,1.1856100240040268,0.9801493912519754
144,140,2021-04-27,138.1397247314453,0.5978511466801981,-69.5343017578125,139,1619481600,68632138204,27071258.81731117,134924.37763001004,7774188.290917155,2204014657.440557,4/27/2021,1619481600,66938145405,66.938145405,1619496757,3646270.448326342,2535.240000000001,1.1617361669901067,1.0925981255296882,1.2452725599059355,0.525816543948658
145,141,2021-04-30,88.76389265060425,1.2625199594657623,20.598530769348145,136,1619740800,73430030575,26612893.847469725,142063.47899756,7377238.077681153,2289515894.1410933,4/30/2021,1619740800,56781903115,56.781903115,1619804321,3699970.0085975425,2759.1900000000005,1.1763814742732461,1.0998920158418655,1.0846336038438023,0.7434505399946437
146,142,2021-05-01,85.73967218399048,1.4228872397263272,29.929757118225098,135,1619827200,73568031837,26496107.35478433,147555.02144738994,7496950.344783152,2302979635.499657,5/1/2021,1619827200,59677504645,59.677504645,1619881217,3731168.826545686,2776.560000000001,1.2700391851787818,1.0958809352783339,1.1114197494138838,0.9049110875961186
147,143,2021-05-02,74.79220628738403,1.2252616197101922,15.142321586608888,134,1619913600,75515918634,25639639.909957632,149534.05347339998,7439292.519058154,2277137632.537843,5/2/2021,1619913600,43095065217,43.095065217,1619957840,3820227.652239571,2945.2799999999993,1.197285147761843,1.124493350797671,1.098948378840978,0.7792274706848767
148,144,2021-05-05,78.4788727760315,0.9911938176758815,-0.6941556930541992,131,1620172800,77159060706,23771530.720979966,161504.46359809002,7260475.375431153,2399591098.7155914,5/5/2021,1620172800,59385330566,59.385330566,1620187815,3860478.75318891,3245.8599999999988,1.0697873598984557,1.1161752071843254,1.1693126461318522,0.6011797701190394
149,145,2021-05-06,95.46422958374023,1.2945639591523306,24.51038360595703,130,1620259200,80545220091,22841024.99787315,162388.34639777002,7194712.393970151,2495173046.9573064,5/6/2021,1620259200,65942349676,65.942349676,1620264558,3872651.785316397,3526.3399999999997,1.112201319214824,1.0997077119376841,1.2036635884389606,1.1861260773231532
150,145,2021-05-06,95.46422958374023,1.2945639591523306,24.51038360595703,130,1620259200,80545220091,22841024.99787315,162388.34639777002,7194712.393970151,2495173046.9573064,5/6/2021,1620259200,65942349676,65.942349676,1620340917,3893078.736042801,3526.3399999999997,1.1193985832336073,1.0737540662592655,1.1880472824942396,0.8786958254641721
151,146,2021-05-07,72.14736938476562,1.004451274442266,0.3204345703125,129,1620345600,80935173712,23308270.90122625,162562.64470357995,7143710.463341153,2632000510.787507,5/7/2021,1620345600,68346008307,68.346008307,1620418438,3873348.804065158,3472.38,1.2033907579239598,1.0622768823533226,1.1941846674667558,1.68010261420401
152,147,2021-05-10,79.8579454421997,1.1700899430020846,12.51840591430664,126,1620604800,85544540408,21811458.543600194,162704.64848213003,6990592.425429154,2728537777.1046486,5/10/2021,1620604800,238385113212,238.385113212,1620649318,4009890.838299493,3922.000000000002,0.9706782253952063,1.083763065371285,1.191753149251778,0.9267892631948649
153,148,2021-05-11,83.9604139328003,1.2726307637701268,20.14422416687012,125,1620691200,84006029266,21281464.988422707,164540.06347914995,6847041.755949154,2783163898.750931,5/11/2021,1620691200,298765260904,298.765260904,1620725248,3883502.3017709083,3947.3799999999987,0.9424023022865803,1.040827280218851,1.208505648877391,0.8944002927560865
154,149,2021-05-12,83.10884237289429,1.3093810557000185,22.267699241638184,124,1620777600,86437561303,20685622.15439032,164927.44446577993,6833257.575181155,2793576590.33814,5/12/2021,1620777600,281829434837,281.829434837,1620802157,3910060.5543390852,4178.629999999999,0.8902487178812196,1.0235150651419558,1.2267930363193424,1.0686542650456339
155,150,2021-05-13,87.2754454612732,1.6901668770313047,44.78132724761963,123,1620864000,80574147510,21164735.358550034,165872.87206385,6762179.529144153,2748219497.342456,5/13/2021,1620864000,170566587929,170.566587929,1620879913,3906659.975149456,3807.000000000001,0.7194615182558444,1.0119625634313876,1.1452865860410433,1.7051830296867188
156,151,2021-05-14,82.863450050354,0.858103267610453,-12.655973434448242,122,1620950400,80102975321,21532942.11348326,161414.33187664993,6803839.5413182685,2533499083.970074,5/14/2021,1620950400,128797309542,128.797309542,1620955718,3912542.9317665277,3720.02,0.6494239278283451,1.0103007315559283,1.0153600717431217,0.6628511952181425
157,151,2021-05-14,82.863450050354,0.858103267610453,-12.655973434448242,122,1620950400,80102975321,21532942.11348326,161414.33187664993,6803839.5413182685,2533499083.970074,5/14/2021,1620950400,128797309542,128.797309542,1621032903,3933492.0997281186,3720.02,0.6977489368336728,1.0103808236168368,1.0153600717431217,0.6628511952181425
158,152,2021-05-28,87.37730979919434,0.9725023950742204,-2.4361610412597656,108,1622160000,69407709584,25340621.7561948,166264.4169580601,6285554.19255514,2315737942.134524,5/28/2021,1622160000,40891552216,40.891552216,1622190639,4043847.1843263963,2738.9900000000002,0.9476631897159169,1.0440183388808921,0.8798394729192678,0.9681927036373311
159,153,2021-05-29,85.68859100341797,1.4628520523538684,32.207489013671875,107,1622246400,66209624837,27406120.708895758,166863.88389856,6384006.9785761405,2353131365.708691,5/29/2021,1622246400,32976768948,32.976768948,1622268254,4024838.2256602426,2415.8700000000003,1.0794537785559652,1.0037276294950435,0.8624148016032547,1.2502047907536473
160,154,2021-06-08,89.77460861206055,1.3393513916500994,26.045799255371094,97,1623110400,72667370237,27995935.58313172,166907.46404162,6795498.575031142,2824410466.4359403,6/8/2021,1623110400,32504193436,32.504193436,1623115183,3904844.2956155348,2595.6399999999994,0.9525858747746222,1.0054955532883023,1.014820028279154,1.0524273259608425
161,154,2021-06-08,89.77460861206055,1.3393513916500994,26.045799255371094,97,1623110400,72667370237,27995935.58313172,166907.46404162,6795498.575031142,2824410466.4359403,6/8/2021,1623110400,32504193436,32.504193436,1623192337,3852162.6303357542,2595.6399999999994,0.906708942688508,0.985192576125431,1.0110374192726421,1.0228889335305513
162,155,2021-06-10,125.05435943603516,1.704973492584112,65.18363952636719,95,1623283200,75689698686,29024126.92823891,167043.07757453993,6928622.644034144,3068423154.509222,6/10/2021,1623283200,23897393010,23.89739301,1623346561,3955832.2243620357,2607.82,0.9094684449080077,1.0125867747706143,1.1165131305837852,1.0087604459382227
163,156,2021-06-11,80.32965660095215,0.8685052601223388,-11.306285858154297,94,1623369600,74040446283,29944732.11395431,169214.36093763003,6827969.419322142,3057050581.0859623,6/11/2021,1623369600,25834690110,25.83469011,1623423584,3930137.4985979907,2472.5699999999997,1.0153079589253289,1.0044969645415542,1.2066515438779895,1.0121220754010785
164,157,2021-06-12,75.88386535644531,0.7984359461169876,-17.009735107421875,93,1623456000,72489442513,30800828.77471332,169095.47748212004,6875611.579912142,3145013099.113305,6/12/2021,1623456000,23189790716,23.189790716,1623501589,3972344.561027769,2353.4899999999984,1.0968476602832398,1.0098773457056989,1.2413713188263598,0.9304660362620224
165,158,2021-06-13,74.03039932250977,0.6922967920558964,-26.92127227783203,92,1623542400,72601251209,30611094.521298785,171636.9020338,6796012.117381143,3166733217.946738,6/13/2021,1623542400,17507233384,17.507233384,1623578291,3980429.7984727332,2371.730000000001,1.0734569280651676,0.9843175612324166,1.3674834100735127,0.7118715548284702
166,159,2021-06-14,90.02494812011719,0.9103492937224268,-8.449554443359375,91,1623628800,75506029063,30077050.478804342,170493.08308454006,6792420.331687774,3217668409.070599,6/14/2021,1623628800,22658681944,22.658681944,1623655695,3956897.5077670133,2510.42,1.0141530102532648,0.9831196400739599,1.3673985464477185,0.6223112530468053
167,160,2021-06-15,88.80043029785156,0.8295673360317523,-16.544342041015625,90,1623715200,77069002341,29855274.361010607,171277.72349264997,6737251.483395774,3204973683.399678,6/15/2021,1623715200,23075725137,23.075725137,1623732305,3939250.704281704,2581.42,0.917394302360716,1.0088112114239234,1.1347407614743625,0.6193799037381175
168,161,2021-06-16,47.74261020935059,1.0472826059816129e-07,-95.48520041870115,89,1623801600,77780054685,30550503.617510155,171810.08480964007,6728507.775068773,3341710416.644911,6/16/2021,1623801600,22743300318,22.743300318,1623808984,3938839.783172319,2545.9500000000007,0.8783911702900683,1.0225009069331557,1.183153247856973,7.819326671929957e-08
169,161,2021-06-16,47.74261020935059,1.0472826059816129e-07,-95.48520041870115,89,1623801600,77780054685,30550503.617510155,171810.08480964007,6728507.775068773,3341710416.644911,6/16/2021,1623801600,22743300318,22.743300318,1623886574,3897963.4668519376,2545.9500000000007,0.7822227459298101,0.9853712811292368,1.0890643983487343,6.142515473330427e-08
170,162,2021-06-17,75.18637180328369,1.096068142013486,6.891965866088867,88,1623888000,74466008952,31444404.121308357,171655.3378334201,6687072.052922773,3365647232.1391664,6/17/2021,1623888000,24807002704,24.807002704,1623963611,3861611.009003598,2368.1799999999994,0.8409411446765032,0.9825638442372974,1.100945876709564,1.2620166996560187
171,163,2021-06-19,80.0241231918335,1.3841168030458006,25.78616142272949,86,1624060800,70588162605,31564146.151747946,168897.76524651004,6799368.689599773,3184062329.4243674,6/19/2021,1624060800,18577786601,18.577786601,1624118938,3911049.0267308443,2236.34,0.8120947619771585,0.9845694316403747,1.012416237732705,1.7335351818478855
172,164,2021-06-25,91.96186065673828,0.9919745913703618,-0.7410049438476562,80,1624579200,66026286968,33154048.1888024,174329.96837323,6872931.813846205,2952168053.0273666,6/25/2021,1624579200,28010226315,28.010226315,1624584205,3990641.8163522645,1991.5000000000007,0.9195380366557868,1.0025655565847311,0.9322440034722937,1.4328747478729746
173,164,2021-06-25,91.96186065673828,0.9919745913703618,-0.7410049438476562,80,1624579200,66026286968,33154048.1888024,174329.96837323,6872931.813846205,2952168053.0273666,6/25/2021,1624579200,28010226315,28.010226315,1624662646,3976344.104809401,1991.5000000000007,1.047747928696962,1.0049146072154298,0.9174867257002656,1.0896637128306745
174,165,2021-06-26,78.2308578491211,1.0349027584838262,2.6836395263671875,79,1624665600,63228695132,34815262.83064998,173342.80508854004,6952985.328130208,2962967211.8972545,6/26/2021,1624665600,18761864623,18.761864623,1624740489,3953337.0469347364,1816.1199999999988,1.1906922450058375,1.0035758939225985,0.9244903405117152,1.2475211035119813
175,166,2021-06-27,68.40991973876953,1.3189047649835133,18.815994262695312,78,1624752000,63113795571,34464683.09852233,175640.21498522014,6925602.709867858,2949274656.1375155,6/27/2021,1624752000,25645892227,25.645892227,1624817742,3901092.779727856,1831.26,1.2449734062885662,0.9904167202723687,0.8825644021837769,12593589.900667837
176,167,2021-06-29,91.21322631835938,1.0965825642824265,8.403778076171875,76,1624924800,66812883077,32020130.009728786,176342.92429098993,6871925.801625858,2959436049.2576528,6/29/2021,1624924800,26266202579,26.266202579,1624972002,3882641.087917231,2086.5900000000006,1.0132273230486097,0.9960691322366135,0.8856051782694376,10470741.68919864
177,168,2021-06-30,80.59203624725342,1.2761568400355536,19.55580711364746,75,1625011200,67693296159,31304126.89323172,179351.64960846998,6902671.000335856,2768924812.3170123,6/30/2021,1625011200,32002625993,32.002625993,1625050183,3860946.3642005185,2162.44,0.9988254009359795,0.9998278840614631,0.8227020306454149,1.1643042901431688
178,169,2021-07-01,88.23192119598389,1.0937034134915942,7.897615432739258,74,1625097600,69183409447,30345330.85088185,181149.00348776003,6882827.135134855,2969556642.1455526,7/1/2021,1625097600,25133110011,25.133110011,1625127694,3840366.1478567855,2279.87,1.0205187137863123,0.9819273861332439,0.9326314421371286,0.790181443563765
179,170,2021-07-02,83.42957496643066,1.244386292355352,18.168926239013672,73,1625184000,67439244364,31898383.95035452,182240.84150254,6964772.597538855,2946430830.822716,7/2/2021,1625184000,20722209911,20.722209911,1625204824,3294382.1429420398,2114.189999999999,1.042280968124909,0.8255268938051031,0.9980566071776412,1.2544537966807157
180,171,2021-07-03,82.70901441574097,1.075958930444162,6.052613258361816,72,1625270400,67930715376,31450861.32506135,182797.24296214,6951765.816940857,2978413318.268307,7/3/2021,1625270400,18841863418,18.841863418,1625281722,3266206.903137059,2159.8999999999996,1.07840640770406,0.8214095201636527,1.0088901664029684,1.0846638006703175
181,172,2021-07-05,88.42980861663818,1.2381012723153,18.815279006958008,70,1625443200,70626149823,30355296.16530205,183533.6302058501,6964773.289729859,3008932656.2451324,7/5/2021,1625443200,20318933757,20.318933757,1625514000,3223390.2527572257,2326.6499999999996,0.9113360410891197,0.8153593317464588,1.0155133152210771,1.1963455137844716
182,173,2021-07-06,82.75878429412842,1.0145703051319628,1.197099685668945,69,1625529600,69048276056,31334590.101562,181784.39994043,7017514.282196856,2988314199.33997,7/6/2021,1625529600,54871815247,54.871815247,1625592182,3160750.850123693,2203.5800000000004,0.9762522803801088,0.8102219118060017,1.013236998161976,0.7692521340952508
183,174,2021-07-07,89.64574337005615,1.0275579617731354,2.4368762969970703,68,1625616000,71235763711,30583133.50262961,183420.16879433,6963552.167457854,3027723604.359701,7/7/2021,1625616000,40369381391,40.369381391,1625669904,3130999.1474942467,2329.249999999999,0.9217001180637545,0.8064096259728739,1.023074516213715,0.9370548057596931
185,176,2021-07-09,84.04481410980225,0.9979057977380348,-0.1761913299560547,66,1625788800,68953426039,32519678.752193023,182767.97397444997,7036583.71263586,2995944328.5954475,7/9/2021,1625788800,30266605013,30.266605013,1625824477,3116386.209055807,2120.36,0.9643975551321473,0.8071560480486274,1.081988328201829,0.7819617200893844
186,177,2021-07-10,82.6646089553833,1.0916450747898374,7.243871688842773,65,1625875200,70563998492,32801393.837071463,180576.05652429,7075436.898015858,3059041095.6232367,7/10/2021,1625875200,18988461455,18.988461455,1625901290,3128457.4008069527,2151.2500000000005,0.9505496804183612,0.814624772836535,1.0301339439725352,0.9981180101695161
187,178,2021-07-12,82.06844329833984,1.1777805896495002,13.399124145507812,63,1626048000,70930256524,33038915.502103068,180122.46782355008,7143475.175920867,3097533365.849122,7/12/2021,1626048000,30407815045,30.407815045,1626056768,3158945.938714299,2146.8699999999994,0.9329954771364829,0.9588887389649369,1.0512832452897645,0.9464750591395685
188,179,2021-07-13,81.78281784057617,1.1661172785713383,12.543678283691406,62,1626134400,69116396013,33799897.31034247,185122.75028878,7298724.151038868,2915370730.934088,7/13/2021,1626134400,32450026038,32.450026038,1626134577,3141232.4906385783,2044.87,0.9435856558118602,0.9617371415208119,0.9788334993845405,1.083793484654622
189,179,2021-07-13,81.78281784057617,1.1661172785713383,12.543678283691406,62,1626134400,69116396013,33799897.31034247,185122.75028878,7298724.151038868,2915370730.934088,7/13/2021,1626134400,32450026038,32.450026038,1626213222,3128902.421148035,2044.87,0.9246015639135978,0.9706868159918374,0.9689052777180461,0.9418593653414565
190,180,2021-07-15,82.43942260742188,1.1306844790613986,10.112762451171877,60,1626307200,68326983435,34111982.62373815,184099.74124261,7278535.163892868,2902660401.2631974,7/15/2021,1626307200,45196906108,45.196906108,1626369518,3258158.1612325967,2003.0200000000004,0.9539645135844869,1.030817775815861,0.9713370842678822,1.1144466512986826
191,181,2021-07-16,78.42874526977539,0.7878129110099023,-18.616676330566406,59,1626393600,66530464028,34480497.135542214,185070.22401713004,7332776.1667998675,3010588068.695368,7/16/2021,1626393600,42029589044,42.029589044,1626447426,3354045.7575899796,1929.5099999999984,0.9894688288736523,1.0712381574023226,0.9943404557669467,0.7666846448744036
192,182,2021-07-17,78.06873321533203,0.8762548705019482,-10.297775268554688,58,1626480000,66029117481,34923291.22225222,190029.51747310004,7329046.077969869,3035516264.955872,7/17/2021,1626480000,29976286417,29.976286417,1626526140,3347378.8780562975,1890.6899999999987,0.9498066843321759,1.0741219648351852,1.0132085019012942,0.8780937764748594
193,183,2021-07-18,83.56904983520508,0.884605458416672,-10.233879089355469,57,1626566400,66492060324,34797839.8291824,189583.24511806003,7361666.5326548675,3032745379.666077,7/18/2021,1626566400,30497194578,30.497194578,1626604438,3381752.79324322,1910.8099999999993,1.0482517885085385,1.0809649485305226,0.991403935045272,0.8103416383635272
194,184,2021-07-19,87.89205551147461,0.9285590972581884,-6.511688232421875,56,1626652800,66834646062,35006807.10772633,190727.1473760701,7372078.1658278685,3011429395.8320003,7/19/2021,1626652800,30440382000,30.440382,1626681566,3403584.009480704,1909.1899999999991,1.049141258858469,1.0774429431565309,0.9722024075780962,0.7883973512711069
195,185,2021-07-21,74.59235191345215,1.0718306314897224,5.172252655029297,54,1626825600,64552841480,35946765.200830825,190415.06783181013,7379912.646660869,3052153274.294546,7/21/2021,1626825600,27173423658,27.173423658,1626837474,3396839.336690676,1795.7900000000004,1.1346426920742396,1.081371514784038,1.046917718528591,0.9191447988858114
196,186,2021-07-22,82.03470706939697,1.093584384450164,7.333993911743164,53,1626912000,67480761704,33689677.8867804,190974.02577766008,7339784.940415867,3019037091.369344,7/22/2021,1626912000,33177581738,33.177581738,1626915255,3430597.46458491,2003.0099999999995,1.0634495084897229,1.0964220045335191,1.0355585515541075,0.9377996575009698
197,186,2021-07-22,82.03470706939697,1.093584384450164,7.333993911743164,53,1626912000,67480761704,33689677.8867804,190974.02577766008,7339784.940415867,3019037091.369344,7/22/2021,1626912000,33177581738,33.177581738,1626993044,3494083.6531648445,2003.0099999999995,1.096489782876771,1.0724106934830304,1.0400931125306636,0.967187933240198
198,187,2021-07-23,81.71570301055908,1.0004465015291948,0.036478042602539,52,1626998400,66331169020,32553896.78932853,186470.08077424017,7327528.517313868,3012776379.879914,7/23/2021,1626998400,35451146095,35.451146095,1627070623,3465929.4178458867,2037.5799999999992,1.1696522345134923,1.0333578216703578,1.0007268716724484,1.2699036631003118
199,188,2021-07-24,66.1470890045166,1.9016168842034809,41.1076545715332,51,1627084800,69823955870,32779660.987747066,190828.38016057,7324305.125912867,2982902207.883947,7/24/2021,1627084800,24896279188,24.896279188,1627148361,3450807.05352625,2130.0999999999995,1.3275433078259236,1.0308982577825219,0.9826671799853821,2.1701641248671986
200,189,2021-07-26,86.46297454833984,0.8464217343489063,-14.383316040039062,49,1627257600,71403997476,32511336.20303421,190161.97468311,7378744.67269187,3055055924.9014,7/26/2021,1627257600,42016473026,42.016473026,1627304039,3418386.9283243404,2196.2800000000007,1.4317391225162541,1.0108328838093417,1.0073565507295503,0.9568353058366725
201,190,2021-07-30,86.52693033218384,0.93648352293343,-5.676150321960449,45,1627603200,75391808031,31633899.79733641,192169.9803309101,7427286.177214866,2942825766.6833644,7/30/2021,1627603200,39490647512,39.490647512,1627620471,3263984.500908572,2383.2600000000007,1.3284156995040404,0.9589845562256502,0.9772189149632439,1.008534110212953
203,192,2021-08-06,76.96294784545898,1.450698451260249,28.30791473388672,38,1628208000,80736324853,28550931.76780537,194615.64633514,7200148.387929867,3054838433.5162034,8/6/2021,1628208000,54095411950,54.09541195,1628247898,3190334.133273149,2827.799999999999,1.0785875945965067,0.9392066615612407,1.000879758970256,1.3534773206135595
204,193,2021-08-11,84.0652585029602,0.9854006892124734,-1.2363195419311523,33,1628640000,85139255672,27075610.008586425,195864.92166685004,7208561.960524867,3049463401.660377,8/11/2021,1628640000,67302786720,67.30278672,1628707880,2965383.2704753014,3144.4999999999995,1.0570615360152649,0.864392660779309,1.0100781505394596,0.90107421358976
205,194,2021-08-12,75.06918907165527,1.3295575614087007,21.2397575378418,32,1628726400,85594783323,27035964.86468559,195892.90530128995,7234463.383605867,3074904400.875703,8/12/2021,1628726400,58916336779,58.916336779,1628784883,2958526.26956939,3165.96,1.045815487245575,0.8467245101271799,1.0185050093177288,1.2157795779766736
206,195,2021-08-13,82.30471611022949,0.9644174083263152,-2.9816627502441406,31,1628812800,84129413706,27583143.020232584,195234.9513930999,7261968.367452868,3117213242.7483506,8/13/2021,1628812800,62916929886,62.916929886,1628861706,2984195.510933614,3050.03,1.0334750805729784,0.8610087370989581,1.0346646580097656,0.9639869866626464
207,196,2021-08-14,84.49941873550415,0.9591832504145936,-3.520846366882324,30,1628899200,88644937196,26668713.59986522,195694.80124025003,7254648.425058866,3151403000.224002,8/14/2021,1628899200,53617974436,53.617974436,1628939135,2926128.3660920993,3323.93,0.9074198313442218,0.8479547887506486,1.056488875798442,0.5044040460423032
208,197,2021-08-16,90.97850322723389,1.180074384698005,15.029668807983398,28,1629072000,88011946973,26581601.07429455,196084.5381037399,7315276.811452868,3162463311.557748,8/16/2021,1629072000,61227895718,61.227895718,1629092323,3002019.0951026664,3311.01,0.9109607038335731,0.8781975703886238,1.0351572571162717,1.3941919693328229
209,198,2021-08-17,80.49654960632324,1.231178825321458,16.68095588684082,27,1629158400,86438475009,27422243.057551548,195605.89739638992,7389908.566271869,3180562813.156343,8/17/2021,1629158400,57136391227,57.136391227,1629169079,2931472.978475884,3152.1300000000015,1.0280001142084871,0.8981271135508979,1.0807852945847058,1.3146828483056785
210,199,2021-08-18,77.95202732086182,1.2283679363429574,15.97738265991211,26,1629244800,84088721220,27879026.99423116,195825.83740985984,7398516.068386868,3177235481.352148,8/18/2021,1629244800,53671161049,53.671161049,1629245372,2872446.917353352,3016.199999999999,1.0522611232676884,0.9003592719005712,1.0400666190699526,0.8467424331196128
211,199,2021-08-18,77.95202732086182,1.2283679363429574,15.97738265991211,26,1629244800,84088721220,27879026.99423116,195825.83740985984,7398516.068386868,3177235481.352148,8/18/2021,1629244800,53671161049,53.671161049,1629322771,2859536.484184186,3016.199999999999,1.0260858033286924,0.964305866514803,1.0418998567492896,1.2465669547325586
212,200,2021-08-23,79.12039756774902,1.5714031118274236,35.16340255737305,21,1629676800,89098649895,27496273.564293187,195135.63240096,7543611.481069867,3306891264.0185986,8/23/2021,1629676800,67801123728,67.801123728,1629707492,2736798.6663374035,3240.39,1.010418499007835,0.925054712032603,1.075445227850605,1.1818992704328508
213,201,2021-08-25,73.35472106933594,1.8468641856505728,43.64204406738281,19,1629849600,87944075558,27709132.359956264,196319.93806631005,7578249.959015868,3185167204.5976424,8/25/2021,1629849600,102281584369,102.281584369,1629860741,3258766.4417892713,3173.8300000000004,1.0220585223531193,1.092008358651326,1.0217995871817158,1.9150050276007435
214,202,2021-08-27,81.07411861419678,1.2857704613895462,20.272016525268555,17,1630022400,87171329357,28166303.49383497,196986.30511993996,7645770.639427867,3195197308.19973,8/27/2021,1630022400,121232572405,121.232572405,1630091884,3162830.5460840142,3094.880000000001,1.0422698133691775,1.080892616583337,1.013896765336777,1.3404846892747448
215,203,2021-08-28,74.86087083816528,1.2945553598702144,19.21999454498291,16,1630108800,89689825843,27393316.07989861,196820.93378337,7613883.687886868,3207533482.928389,8/28/2021,1630108800,89483984349,89.483984349,1630168900,3109214.7262719464,3274.1499999999987,1.0490997663515726,1.0357078445450774,1.0142516029216606,1.0970116601603097
216,204,2021-08-29,79.73766326904297,1.3076562155001104,21.261215209960938,15,1630195200,89493873749,27588868.05421968,196677.99262456005,7641647.67883687,3205005321.652108,8/29/2021,1630195200,100686224824,100.686224824,1630246159,3111802.223790296,3243.840000000001,1.1810292739469266,1.0615148925603155,1.0076849633010418,1.0621172071885532
218,206,2021-08-31,78.32109928131104,1.6103946155557674,36.628007888793945,13,1630368000,88003840667,27282090.91577021,197869.86864333996,7783713.625535865,3220469274.1433587,8/31/2021,1630368000,121467889345,121.467889345,1630399583,3120820.6969456654,3225.700000000001,1.174520259168552,1.0864676656309329,1.0136073618228674,1.3110034606977474
219,207,2021-09-01,73.85849952697754,1.621863746196717,35.03608703613281,12,1630454400,90477763326,26340650.35939806,199684.3975894901,7723564.921438868,3277520987.319671,9/1/2021,1630454400,136212882273,136.212882273,1630476420,3096057.989852683,3434.9100000000003,1.1029837754118736,1.0827132323635926,1.0315637624457235,1.320340346089835
220,208,2021-09-02,79.51617240905762,1.080230280802864,6.133556365966797,11,1630540800,95431893060,24909984.171523888,201189.87497719008,7584819.2654528655,3319261802.482248,9/2/2021,1630540800,117151148070,117.15114807,1630553059,3095798.1836276413,3831.0699999999993,1.0276893922585604,1.1311749825465527,1.0037408361739164,0.6874304070498101
221,209,2021-09-03,76.02155208587646,1.0450004970481752,3.3457279205322266,10,1630627200,95640182342,25243868.48666412,202120.75553285985,7680433.264606869,3478040363.8329883,9/3/2021,1630627200,159341576690,159.34157669,1630630093,3052620.6676886585,3788.649999999999,1.0427540152824886,0.9367411633257688,1.0919490690512563,0.5658242252827408
222,209,2021-09-03,76.02155208587646,1.0450004970481752,3.3457279205322266,10,1630627200,95640182342,25243868.48666412,202120.75553285985,7680433.264606869,3478040363.8329883,9/3/2021,1630627200,159341576690,159.34157669,1630706876,3031144.1212789943,3788.649999999999,1.0367809114064377,0.9583643755533902,1.0885213113153944,0.8127426538628301
223,210,2021-09-04,70.30171155929565,1.2710926774226468,16.78335666656494,9,1630713600,96646301577,24547274.44395056,202620.14716720005,7742648.424481869,3473116614.251335,9/4/2021,1630713600,127146983966,127.146983966,1630783553,3042188.105625541,3937.1500000000024,0.8717905083626479,0.9784425887089591,1.082799800138166,0.9818758755516489
224,211,2021-09-06,89.28525447845459,1.1291422073768744,10.831117630004885,7,1630886400,98240658172,24867086.558852643,202159.40782976,7769203.073636869,3524307969.4021864,9/6/2021,1630886400,124071173970,124.07117397,1630937754,3075378.01308442,3950.629999999999,0.8686007041914838,0.9882948182158217,1.099626245732873,0.8634855201181729
225,212,2021-09-07,87.96608448028564,1.1073414381302422,8.96143913269043,6,1630972800,98265573571,25016693.88263748,203346.3349690899,7722564.77164387,3535783874.263102,9/7/2021,1630972800,213999180196,213.999180196,1631014773,3041755.0456925263,3927.9999999999995,,0.9746651092994479,1.0979095197868691,0.6876211752285851
226,213,2021-09-08,72.35985994338989,1.7658415446830324,40.07184505462647,5,1631059200,76278543844,22223287.071032543,187500.64171878,7659464.856608866,3446940673.880693,9/8/2021,1631059200,156644999311,156.644999311,1631091476,3089207.9464118383,3432.3700000000013,,0.9977874951104612,1.0516914116542613,1.0887730543480885
227,214,2021-09-10,77.17442512512207,1.2878255645474783,19.41823959350586,3,1631232000,88561337788,25808195.14034596,202095.58678109996,7296098.06892587,3626087031.9613576,9/10/2021,1631232000,107413546013,107.413546013,1631245876,3160205.110719311,3431.520000000001,,1.0208046271983395,1.0924377912129908,1.192176878795068
